Rank,Player,Team,Expected Goals (xG),Actual Goals,Minutes,Matches,Country
1,Lautaro Martinez,Internazionale,17.6,24.0,2668,33,ARG
2,Dusan Vlahovic,Juventus,16.7,16.0,2317,33,SRB
3,Victor Osimhen,Napoli,15.4,15.0,1990,25,NGA
4,Marcus Thuram,Internazionale,14.4,13.0,2707,35,FRA
5,Olivier Giroud,Milan,14.2,15.0,2372,35,FRA
6,Nikola Krstovic,Lecce,11.6,7.0,2390,35,MNE
7,Duvan Zapata,Torino,11.3,13.0,3005,37,COL
8,Khvicha Kvaratskhelia,Napoli,11.2,11.0,2750,34,GEO
9,Paulo Dybala,Roma,10.6,13.0,1973,28,ARG
10,Matias Soulé,Frosinone,10.5,11.0,3136,36,ARG
11,Nicolás González,Fiorentina,10.4,12.0,1913,29,ARG
12,Hakan Calhanoglu,Internazionale,10.2,13.0,2576,32,TUR
13,Rafael Leao,Milan,10.1,9.0,2523,34,POR
14,Albert Gudmundsson,Genoa,9.9,14.0,3022,35,ISL
15,Romelu Lukaku,Roma,9.8,13.0,2644,32,BEL
16,Ciro Immobile,Lazio,9.8,7.0,1656,31,ITA
17,Antonio Sanabria,Torino,9.5,5.0,2133,35,PAR
18,Ademola Lookman,Atalanta,9.3,11.0,1899,31,NGA
19,Joshua Zirkzee,Bologna,9.0,11.0,2771,34,NED
20,Walid Cheddira,Frosinone,9.0,7.0,2130,36,MAR
21,Andrea Pinamonti,Sassuolo,8.9,11.0,3100,38,ITA
22,Christian Pulisic,Milan,8.0,12.0,2620,36,USA
23,Lorenzo Lucca,Udinese,7.8,8.0,2600,37,ITA
24,Riccardo Orsolini,Bologna,7.6,10.0,1792,33,ITA
25,Milan Djuric,Monza,7.5,9.0,2464,37,BIH
26,Charles De Ketelaere,Atalanta,7.3,10.0,2042,35,BEL
27,Mario Pasalic,Atalanta,7.3,6.0,2048,34,CRO
28,Valentin Castellanos,Lazio,7.3,4.0,1676,35,ARG
29,Matteo Politano,Napoli,7.2,8.0,2384,37,ITA
30,Davide Frattesi,Internazionale,7.1,6.0,934,32,ITA
31,Teun Koopmeiners,Atalanta,6.6,12.0,2633,34,NED
32,Gianluca Scamacca,Atalanta,6.5,12.0,1459,29,ITA
33,Domenico Berardi,Sassuolo,6.5,9.0,1438,17,ITA
34,Roberto Piccoli,Lecce,6.5,5.0,1397,37,ITA
35,Federico Chiesa,Juventus,6.4,9.0,2207,33,ITA
36,Matteo Pessina,Monza,6.3,6.0,3228,37,ITA
37,Andrea Belotti,Fiorentina,6.1,6.0,1624,29,ITA
38,Giacomo Raspadori,Napoli,5.9,5.0,1572,37,ITA
39,Mateo Retegui,Genoa,5.8,7.0,2225,29,ITA
40,Giacomo Bonaventura,Fiorentina,5.7,8.0,2285,31,ITA
41,Armand Laurienté,Sassuolo,5.7,5.0,2926,37,FRA
42,M'Baye Niang,Empoli,5.5,6.0,706,14,SEN
43,Federico Gatti,Juventus,5.5,4.0,2640,32,ITA
44,Kaio Jorge,Frosinone,5.5,3.0,805,20,BRA
45,Aleksey Miranchuk,Atalanta,5.4,3.0,1170,27,RUS
46,Lewis Ferguson,Bologna,5.3,6.0,2718,31,SCO
47,Cyril Ngonge,Napoli,5.2,7.0,1743,32,BEL
48,Arkadiusz Milik,Juventus,5.1,4.0,902,32,POL
49,Nicolo Barella,Internazionale,5.1,2.0,2860,37,ITA
50,Marko Arnautovic,Internazionale,5.0,5.0,779,27,AUT
51,Antonio Candreva,Salernitana,4.9,6.0,2757,34,ITA
51,Luka Jovic,Milan,4.9,6.0,867,23,SRB
53,Theo Hernández,Milan,4.9,5.0,2794,32,FRA
54,Gianluca Lapadula,Cagliari,4.9,3.0,1206,23,PER
55,Dan Ndoye,Bologna,4.9,1.0,1775,32,SUI
56,Andrea Colpani,Monza,4.8,8.0,2683,38,ITA
56,Lorenzo Pellegrini,Roma,4.8,8.0,1866,29,ITA
58,Mattia Zaccagni,Lazio,4.7,6.0,1971,28,ITA
59,Florian Thauvin,Udinese,4.7,5.0,1713,29,FRA
59,Luis Alberto,Lazio,4.7,5.0,2323,33,ESP
61,Matteo Cancellieri,Empoli,4.7,4.0,1784,36,ITA
62,Jonathan Ikoné,Fiorentina,4.6,3.0,1685,28,FRA
63,Kristian Thorstvedt,Sassuolo,4.5,6.0,2413,34,NOR
64,M'Bala Nzola,Fiorentina,4.5,3.0,1545,33,ANG
65,Felipe Anderson,Lazio,4.4,5.0,2782,38,BRA
66,Giovanni Fabbian,Bologna,4.2,5.0,1053,27,ITA
67,Michael Folorunsho,Verona,4.0,5.0,2793,34,ITA
68,Zito Luvumbo,Cagliari,4.0,4.0,1947,30,ANG
69,Bryan Cristante,Roma,4.0,3.0,3292,37,ITA
70,Boulaye Dia,Salernitana,3.9,4.0,1143,17,SEN
71,Nicolo Cambiaghi,Empoli,3.9,1.0,2562,37,ITA
72,Lucas Beltran,Fiorentina,3.8,6.0,1694,32,ARG
72,Noah Okafor,Milan,3.8,6.0,869,28,SUI
74,Fikayo Tomori,Milan,3.8,4.0,2125,26,ENG
75,Emmanuel Quartsin Gyasi,Empoli,3.8,1.0,1873,33,GHA
76,Matias Vecino,Lazio,3.7,6.0,1135,31,URU
76,Ruben Loftus-Cheek,Milan,3.7,6.0,2081,29,ENG
78,Dany Mota,Monza,3.7,4.0,2059,34,POR
78,Lorenzo Colombo,Monza,3.7,4.0,1366,25,ITA
80,Lameck Banda,Lecce,3.7,2.0,1358,21,ZAM
80,Nahitan Nández,Cagliari,3.7,2.0,2351,33,URU
82,Lazar Samardzic,Udinese,3.6,6.0,2380,34,SRB
83,Tijjani Noslin,Verona,3.6,5.0,1346,17,NED
84,Rolando Mandragora,Fiorentina,3.6,3.0,1584,33,ITA
85,Henrikh Mkhitaryan,Internazionale,3.6,2.0,2803,36,ARM
86,Sandi Lovric,Udinese,3.6,1.0,1988,29,SVN
87,Andre-Frank Zambo Anguissa,Napoli,3.6,0.0,2792,34,CMR
88,Éderson,Atalanta,3.5,6.0,2873,36,BRA
89,Adrien Rabiot,Juventus,3.5,5.0,2651,31,FRA
90,Roberto Pereyra,Udinese,3.5,4.0,1862,27,ARG
91,Eldor Shomurodov,Cagliari,3.5,3.0,933,22,UZB
91,Tomas Suslov,Verona,3.5,3.0,2094,32,SVK
93,Nicolas Viola,Cagliari,3.4,5.0,1202,26,ITA
94,Francesco Caputo,Empoli,3.4,3.0,1274,20,ITA
95,Giovanni Simeone,Napoli,3.4,1.0,787,28,ARG
96,Leandro Paredes,Roma,3.3,3.0,2644,34,ARG
96,Sardar Azmoun,Roma,3.3,3.0,571,23,IRN
96,Thomas Henry,Verona,3.3,3.0,320,18,FRA
99,Tijjani Reijnders,Milan,3.2,3.0,2830,36,NED
100,Alexis Sánchez,Internazionale,3.2,2.0,751,23,CHI
101,Giovanni Di Lorenzo,Napoli,3.2,1.0,3235,36,ITA
102,Abdou Harroui,Frosinone,3.1,3.0,1025,18,NED
102,Federico Bonazzoli,Verona,3.1,3.0,1014,24,ITA
104,Tommaso Baldanzi,Roma,3.0,2.0,1259,27,ITA
105,Weston McKennie,Juventus,3.0,0.0,2599,34,USA
106,Federico Dimarco,Internazionale,2.9,5.0,2105,30,ITA
107,Caleb Ekuban,Genoa,2.9,4.0,1123,29,GHA
108,Grigoris Kastanos,Salernitana,2.9,3.0,1486,26,CYP
109,Nicola Sansone,Lecce,2.9,2.0,750,25,ITA
110,Roberto Gagliardini,Monza,2.9,1.0,2366,33,ITA
111,Darko Lazovic,Verona,2.8,3.0,1942,32,SRB
112,Lucas Martinez Quarta,Fiorentina,2.7,5.0,2292,29,ARG
113,Alexis Saelemaekers,Bologna,2.7,4.0,1892,30,BEL
114,Simy,Salernitana,2.7,3.0,680,15,NGA
115,Emil Holm,Atalanta,2.7,1.0,948,22,SWE
115,Isaac Success,Udinese,2.7,1.0,872,27,NGA
117,Leonardo Pavoletti,Cagliari,2.6,4.0,620,19,ITA
117,Loum Tchaouna,Salernitana,2.6,4.0,2099,33,FRA
119,Piotr Zielinski,Napoli,2.6,3.0,1938,28,POL
120,Riccardo Sottil,Fiorentina,2.6,2.0,1108,22,ITA
121,Stephan El Shaarawy,Roma,2.5,3.0,1741,33,ITA
122,Nedim Bajrami,Sassuolo,2.5,2.0,1312,28,ALB
123,Alessandro Deiola,Cagliari,2.5,1.0,1608,27,ITA
123,Gabriel Strefezza,Lecce,2.5,1.0,1118,19,BRA
125,Houssem Aouar,Roma,2.4,4.0,756,16,ALG
126,Nikola Vlasic,Torino,2.4,3.0,2614,33,CRO
127,Chukwubuikem Ikwuemesi,Salernitana,2.4,1.0,1058,25,NGA
128,Luca Mazzitelli,Frosinone,2.3,5.0,2221,29,ITA
129,Denzel Dumfries,Internazionale,2.3,4.0,1640,31,NED
129,Giulio Maggiore,Salernitana,2.3,4.0,1807,27,ITA
129,Marco Brescianini,Frosinone,2.3,4.0,2321,36,ITA
132,Amir Rrahmani,Napoli,2.3,3.0,2602,30,KVX
132,Rémi Oudin,Lecce,2.3,3.0,1826,31,FRA
134,Davide Zappacosta,Atalanta,2.3,2.0,1875,31,ITA
134,Matheus Henrique,Sassuolo,2.3,2.0,2501,31,BRA
134,Pontus Almqvist,Lecce,2.3,2.0,2115,30,SWE
134,Valentin Carboni,Monza,2.3,2.0,1158,31,ARG
138,Moise Kean,Juventus,2.3,0.0,650,19,ITA
139,Alberto Dossena,Cagliari,2.2,2.0,2979,35,ITA
139,Andrea Cambiaso,Juventus,2.2,2.0,2387,34,ITA
141,Ondrej Duda,Verona,2.2,1.0,2463,32,SVK
142,Ivan Ilic,Torino,2.1,3.0,2099,31,SRB
143,Martin Payero,Udinese,2.1,2.0,1801,29,ARG
144,Raoul Bellanova,Torino,2.1,1.0,3063,37,ITA
145,George Puscas,Genoa,2.1,0.0,185,8,ROU
145,Jaka Bijol,Udinese,2.1,0.0,2083,24,SVN
147,Gaetano Oristanio,Cagliari,2.0,2.0,1102,25,ITA
147,Patrick Dorgu,Lecce,2.0,2.0,1563,32,DEN
149,Matteo Prati,Cagliari,2.0,1.0,1972,26,ITA
149,Sam Beukema,Bologna,2.0,1.0,2549,30,NED
151,Edoardo Bove,Roma,2.0,0.0,1777,31,ITA
152,Gianluca Gaetano,Cagliari,1.9,5.0,905,20,ITA
153,Gianluca Mancini,Roma,1.9,4.0,2872,36,ITA
154,Christian Kouamé,Fiorentina,1.9,2.0,1084,23,CIV
155,Alberto Cerri,Empoli,1.9,1.0,553,12,ITA
155,Giorgio Scalvini,Atalanta,1.9,1.0,2553,33,ITA
155,Hassane Kamara,Udinese,1.9,1.0,2238,35,CIV
155,Johan Vásquez,Genoa,1.9,1.0,2851,37,MEX
155,Sebastiano Luperto,Empoli,1.9,1.0,3407,38,ITA
160,Daichi Kamada,Lazio,1.8,2.0,1543,29,JPN
160,Morten Thorsby,Genoa,1.8,2.0,1143,24,NOR
162,Gabriele Zappa,Cagliari,1.8,1.0,2559,38,ITA
162,Pietro Pellegri,Torino,1.8,1.0,745,24,ITA
164,Federico Baschirotto,Lecce,1.8,0.0,3295,37,ITA
164,Valentino Lazaro,Torino,1.8,0.0,1989,35,AUT
166,Gleison Bremer,Juventus,1.7,3.0,3234,36,BRA
166,Nemanja Radonjic,Torino,1.7,3.0,373,10,SRB
168,Daniele Rugani,Juventus,1.7,2.0,1189,17,ITA
168,Ismael Bennacer,Milan,1.7,2.0,1151,20,ALG
168,Karol Swiderski,Verona,1.7,2.0,496,15,POL
168,Morten Frendrup,Genoa,1.7,2.0,3146,37,DEN
172,Alessandro Florenzi,Milan,1.7,1.0,1730,31,ITA
172,Samuel Chukwueze,Milan,1.7,1.0,1012,24,NGA
172,Samuel Vignato,Monza,1.7,1.0,339,10,ITA
175,Daniel Maldini,Monza,1.6,4.0,588,18,ITA
176,Alessandro Buongiorno,Torino,1.6,3.0,2530,29,ITA
176,Francesco Acerbi,Internazionale,1.6,3.0,2386,29,ITA
176,Gustav Isaksen,Lazio,1.6,3.0,1069,28,DEN
179,Cristiano Biraghi,Fiorentina,1.6,2.0,2358,29,ITA
179,Kenan Yildiz,Juventus,1.6,2.0,945,27,TUR
179,Matteo Gabbia,Milan,1.6,2.0,1276,18,ITA
179,Matteo Guendouzi,Lazio,1.6,2.0,2370,33,FRA
179,Valentin Gendrey,Lecce,1.6,2.0,3050,37,FRA
184,Andrea Petagna,Cagliari,1.6,1.0,996,18,ITA
184,Gian Marco Ferrari,Sassuolo,1.6,1.0,2268,31,ITA
184,Hamza Rafia,Lecce,1.6,1.0,1211,28,TUN
184,Junior Messias,Genoa,1.6,1.0,1056,18,BRA
188,Samuele Mulattieri,Sassuolo,1.6,0.0,441,27,ITA
188,Youssef Maleh,Empoli,1.6,0.0,2610,34,MAR
190,Alfred Duncan,Fiorentina,1.5,2.0,1893,30,GHA
190,Antonin Barak,Fiorentina,1.5,2.0,802,21,CZE
190,Jens Odgaard,Bologna,1.5,2.0,431,10,DEN
190,Luis Muriel,Atalanta,1.5,2.0,395,18,COL
190,Riccardo Calafiori,Bologna,1.5,2.0,2338,30,ITA
195,Jakub Jankto,Cagliari,1.5,1.0,878,18,CZE
195,Manuel Locatelli,Juventus,1.5,1.0,3011,36,ITA
195,Milan Badelj,Genoa,1.5,1.0,2555,33,CRO
195,Pedro Rodriguez,Lazio,1.5,1.0,798,33,ESP
199,Demba Seck,Frosinone,1.5,0.0,718,20,SEN
199,Jens-Lys Cajuste,Napoli,1.5,0.0,1007,26,SWE
199,Nehuén Pérez,Udinese,1.5,0.0,3238,36,ARG
199,Patrick Ciurria,Monza,1.5,0.0,1602,22,ITA
199,Timothy Weah,Juventus,1.5,0.0,1247,30,USA
204,Patric,Lazio,1.4,2.0,1610,20,ESP
205,Marvin Cuni,Frosinone,1.4,1.0,522,22,ALB
206,Charalambos Lykogiannis,Bologna,1.3,2.0,899,22,GRE
206,Mattia Bani,Genoa,1.3,2.0,2309,27,ITA
206,Pol Lirola,Frosinone,1.3,2.0,1538,25,ESP
206,Reinier,Frosinone,1.3,2.0,1064,22,BRA
206,Yerry Mina,Cagliari,1.3,2.0,1259,18,COL
211,Danilo,Juventus,1.3,1.0,2451,29,BRA
211,Davide Calabria,Milan,1.3,1.0,2191,29,ITA
211,Juan Jesus,Napoli,1.3,1.0,2117,24,BRA
211,Remo Freuler,Bologna,1.3,1.0,2632,32,SUI
211,Samuele Ricci,Torino,1.3,1.0,2400,32,ITA
211,Sead Kolasinac,Atalanta,1.3,1.0,2182,30,BIH
217,Kingsley Ehizibue,Udinese,1.3,0.0,955,23,NED
217,Marco Mancosu,Cagliari,1.3,0.0,156,6,ITA
217,Samuele Birindelli,Monza,1.3,0.0,2013,35,ITA
220,Diego Coppola,Verona,1.2,2.0,1636,24,ITA
220,El Bilal Touré,Atalanta,1.2,2.0,386,11,MLI
220,Matteo Darmian,Internazionale,1.2,2.0,2413,33,ITA
223,Alessandro Bastoni,Internazionale,1.2,1.0,2283,28,ITA
223,Andrea Carboni,Monza,1.2,1.0,1490,21,ITA
223,Christian Kabasele,Udinese,1.2,1.0,861,13,BEL
223,Fabio Miretti,Juventus,1.2,1.0,1104,25,ITA
223,Jacopo Fazzini,Empoli,1.2,1.0,1226,31,ITA
223,Joan Gonzalez,Lecce,1.2,1.0,1283,29,ESP
223,Jovane Cabral,Salernitana,1.2,1.0,680,12,CPV
223,Simone Romagnoli,Frosinone,1.2,1.0,2716,33,ITA
223,Stefan Posch,Bologna,1.2,1.0,2418,31,AUT
232,Giorgos Kyriakopoulos,Monza,1.2,0.0,1716,28,GRE
232,Kacper Urbanski,Bologna,1.2,0.0,921,22,POL
232,Marin Pongracic,Lecce,1.2,0.0,3220,36,CRO
232,Mattia Destro,Empoli,1.2,0.0,356,15,ITA
232,Mohamed Kaba,Lecce,1.2,0.0,1382,23,FRA
232,Paulo Azzi,Cagliari,1.2,0.0,936,25,BRA
232,Thomas Kristensen,Udinese,1.2,0.0,2097,26,DEN
232,Tyronne Ebuehi,Empoli,1.2,0.0,1096,15,NGA
240,Ruslan Malinovsky,Genoa,1.1,4.0,1547,28,UKR
241,Ilario Monterisi,Frosinone,1.1,2.0,1467,24,ITA
241,Vitor Oliveira,Genoa,1.1,2.0,281,9,POR
243,Alberto Grassi,Empoli,1.1,0.0,1823,27,ITA
243,Alexis Blin,Lecce,1.1,0.0,1632,31,FRA
243,Michel Aebischer,Bologna,1.1,0.0,2234,36,SUI
243,Razvan Marin,Empoli,1.1,0.0,1818,30,ROU
247,Szymon Zurkowski,Empoli,1.0,4.0,871,13,POL
248,Arthur,Fiorentina,1.0,2.0,1993,33,BRA
248,Radu Dragusin,Genoa,1.0,2.0,1710,19,ROU
250,Gregoire Defrel,Sassuolo,1.0,1.0,751,20,MTQ
250,Martin Erlic,Sassuolo,1.0,1.0,2624,32,CRO
250,Mattia Viti,Sassuolo,1.0,1.0,985,15,ITA
250,Santiago Castro,Bologna,1.0,1.0,238,8,ARG
250,Shon Weissman,Salernitana,1.0,1.0,493,11,ISR
250,Ylber Ramadani,Lecce,1.0,1.0,2976,34,ALB
256,Carlos Augusto,Internazionale,1.0,0.0,1703,37,BRA
256,Evan N'Dicka,Roma,1.0,0.0,2170,25,CIV
256,Manuel Lazzari,Lazio,1.0,0.0,1675,24,ITA
256,Suat Serdar,Verona,1.0,0.0,1661,25,GER
260,Luca Ranieri,Fiorentina,0.9,2.0,2067,26,ITA
260,Yann Aurel Bisseck,Internazionale,0.9,2.0,898,16,GER
262,Antoine Makoumbou,Cagliari,0.9,1.0,2707,32,CGO
262,Lorenzo Pirola,Salernitana,0.9,1.0,1991,27,ITA
262,Mirko Maric,Monza,0.9,1.0,279,10,CRO
262,Nikola Moro,Bologna,0.9,1.0,835,23,CRO
262,Uros Racic,Sassuolo,0.9,1.0,813,22,SRB
262,Viktor Kovalenko,Empoli,0.9,1.0,606,17,UKR
262,Warren Bondo,Monza,0.9,1.0,1471,25,FRA
269,Alessio Romagnoli,Lazio,0.9,0.0,2409,29,ITA
269,Alessio Zerbin,Monza,0.9,0.0,829,20,ITA
269,Berat Djimsiti,Atalanta,0.9,0.0,2831,37,ALB
269,Emanuele Valeri,Frosinone,0.9,0.0,1178,16,ITA
269,Fabiano Parisi,Fiorentina,0.9,0.0,1452,21,ITA
269,Hamed Traorè,Napoli,0.9,0.0,383,9,CIV
269,Koni De Winter,Genoa,0.9,0.0,2378,29,BEL
269,Nicolo Casale,Lazio,0.9,0.0,1557,20,ITA
277,Ibrahim Sulemana,Cagliari,0.8,2.0,1342,21,GHA
277,Walace,Udinese,0.8,2.0,3243,37,BRA
279,Arijon Ibrahimovic,Frosinone,0.8,1.0,470,16,GER
279,Jordan Zemura,Udinese,0.8,1.0,1033,27,ZIM
279,Leo Østigard,Napoli,0.8,1.0,1621,25,NOR
282,Benjamin Pavard,Internazionale,0.8,0.0,1677,23,FRA
282,Domagoj Bradaric,Salernitana,0.8,0.0,2753,34,CRO
282,Festy Ebosele,Udinese,0.8,0.0,1705,31,IRL
282,Jhon Lucumi,Bologna,0.8,0.0,2214,29,COL
282,Nicola Zalewski,Roma,0.8,0.0,966,22,POL
282,Rick Karsdorp,Roma,0.8,0.0,1214,18,NED
282,Stefano Sabelli,Genoa,0.8,0.0,2448,32,ITA
289,Perr Schuurs,Torino,0.7,1.0,771,9,NED
289,Samuel Iling-Junior,Juventus,0.7,1.0,800,24,ENG
289,Stefan de Vrij,Internazionale,0.7,1.0,1578,25,NED
292,Adrien Tamèze,Torino,0.7,0.0,2154,29,FRA
292,Armando Izzo,Monza,0.7,0.0,1653,23,ITA
292,Danilo D'Ambrosio,Monza,0.7,0.0,1534,24,ITA
292,Filip Kostic,Juventus,0.7,0.0,1831,29,SRB
292,Francesco Gelli,Frosinone,0.7,0.0,1558,27,ITA
292,Gianluca Caprari,Monza,0.7,0.0,286,6,ITA
292,Jesper Lindstrøm,Napoli,0.7,0.0,417,22,DEN
292,Luca Garritano,Frosinone,0.7,0.0,484,12,ITA
300,Dean Huijsen,Roma,0.6,2.0,515,14,ESP
300,Oier Zarraga,Udinese,0.6,2.0,395,15,ESP
302,Agustin Martegani,Salernitana,0.6,1.0,725,18,ARG
302,Jan-Carlo Simic,Milan,0.6,1.0,143,4,SRB
302,Kristjan Asllani,Internazionale,0.6,1.0,771,23,ALB
302,Luca Caldirola,Monza,0.6,1.0,2139,29,ITA
302,Tammy Abraham,Roma,0.6,1.0,240,8,ENG
307,Enzo Barrenechea,Frosinone,0.6,0.0,2816,36,ARG
307,Giangiacomo Magnani,Verona,0.6,0.0,2441,33,ITA
307,Iron Gomis,Salernitana,0.6,0.0,130,5,FRA
307,Isak Hien,Atalanta,0.6,0.0,1794,26,SWE
307,Jeremy Toljan,Sassuolo,0.6,0.0,2085,25,GER
307,Karol Linetty,Torino,0.6,0.0,1860,28,POL
307,Lassana Coulibaly,Salernitana,0.6,0.0,2086,28,MLI
307,Liberato Cacace,Empoli,0.6,0.0,1907,31,NZL
307,Malick Thiaw,Milan,0.6,0.0,1620,21,GER
307,Marten de Roon,Atalanta,0.6,0.0,2599,30,NED
307,Memeh Caleb Okoli,Frosinone,0.6,0.0,2915,34,ITA
307,Nicolo Rovella,Lazio,0.6,0.0,1322,23,ITA
307,Pawel Dawidowicz,Verona,0.6,0.0,2143,28,POL
307,Stanislav Lobotka,Napoli,0.6,0.0,3293,38,SVK
307,Sydney van Hooijdonk,Bologna,0.6,0.0,207,9,NED
307,Toma Basic,Salernitana,0.6,0.0,1166,15,CRO
307,Yunus Musah,Milan,0.6,0.0,1468,30,USA
324,Eljif Elmas,Napoli,0.5,2.0,331,11,MKD
324,Nadir Zortea,Frosinone,0.5,2.0,1403,19,ITA
324,Oussama El Azzouzi,Bologna,0.5,2.0,536,18,MAR
327,Cristian Volpato,Sassuolo,0.5,1.0,632,22,ITA
327,Daniel Boloca,Sassuolo,0.5,1.0,2023,30,ROU
327,Jaime Báez,Frosinone,0.5,1.0,502,11,URU
327,Junior Sambia,Salernitana,0.5,1.0,1031,18,FRA
327,Keinan Davis,Udinese,0.5,1.0,180,8,ENG
327,Mathias Olivera,Napoli,0.5,1.0,1572,23,URU
327,Michael Kayode,Fiorentina,0.5,1.0,2063,26,ITA
327,Rasmus Kristensen,Roma,0.5,1.0,1743,29,DEN
327,Tommaso Augello,Cagliari,0.5,1.0,2429,32,ITA
336,Antonino Gallo,Lecce,0.5,0.0,2500,35,ITA
336,Edoardo Goldaniga,Cagliari,0.5,0.0,1013,13,ITA
336,Jean-Daniel Akpa-Akpro,Monza,0.5,0.0,700,19,CIV
336,Juan Cabal,Verona,0.5,0.0,1497,22,COL
336,Marco Davide Faraoni,Fiorentina,0.5,0.0,995,19,ITA
336,Mario Gila,Lazio,0.5,0.0,1813,21,ESP
336,Matteo Ruggeri,Atalanta,0.5,0.0,2466,34,ITA
336,Pasquale Mazzocchi,Napoli,0.5,0.0,1704,28,ITA
336,Ruan Tressoldi,Sassuolo,0.5,0.0,1515,26,BRA
336,Santiago Pierotti,Lecce,0.5,0.0,190,11,ARG
336,Simon Kjær,Milan,0.5,0.0,1171,20,DEN
347,Adam Marusic,Lazio,0.4,1.0,3106,37,MNE
347,Alex Sandro,Juventus,0.4,1.0,716,16,BRA
347,Danilo Cataldi,Lazio,0.4,1.0,1360,28,ITA
347,Diego Llorente,Roma,0.4,1.0,2173,29,ESP
347,Federico Fazio,Salernitana,0.4,1.0,1354,17,ARG
347,Josip Brekalo,Fiorentina,0.4,1.0,654,11,CRO
347,Lautaro Gianetti,Udinese,0.4,1.0,630,7,ARG
347,Ricardo Rodriguez,Torino,0.4,1.0,2783,35,SUI
347,Simone Bastoni,Empoli,0.4,1.0,748,16,ITA
356,Adam Masina,Torino,0.4,0.0,1083,20,MAR
356,Alessandro Vogliacco,Genoa,0.4,0.0,1171,20,ITA
356,Ardian Ismajli,Empoli,0.4,0.0,2046,26,ALB
356,Brenner da Silva,Udinese,0.4,0.0,185,8,BRA
356,Carlos Alcaraz,Juventus,0.4,0.0,377,10,ARG
356,Elseid Hysaj,Lazio,0.4,0.0,1194,22,ALB
356,Gvidas Gineitis,Torino,0.4,0.0,532,14,LTU
356,Jesper Karlsson,Bologna,0.4,0.0,345,7,SWE
356,Josh Doig,Sassuolo,0.4,0.0,2183,28,SCO
356,Mateusz Wieteska,Cagliari,0.4,0.0,958,19,POL
356,Mergim Vojvoda,Torino,0.4,0.0,1372,28,KVX
356,Natan,Napoli,0.4,0.0,955,14,BRA
356,Nicolo Fagioli,Juventus,0.4,0.0,440,8,ITA
356,Nikola Milenkovic,Fiorentina,0.4,0.0,2506,34,SRB
356,Pablo Mari,Monza,0.4,0.0,2616,34,ESP
356,Pantelis Hatzidiakos,Cagliari,0.4,0.0,863,13,GRE
356,Riccardo Marchizza,Frosinone,0.4,0.0,1149,13,ITA
356,Stefan Mitrovic,Verona,0.4,0.0,388,10,SRB
356,Stiven Shpendi,Empoli,0.4,0.0,407,12,ALB
375,Gaetano Castrovilli,Fiorentina,0.3,1.0,370,6,ITA
375,Leonardo Spinazzola,Roma,0.3,1.0,1312,24,ITA
375,Yacine Adli,Milan,0.3,1.0,1412,24,FRA
378,Bruno Amione,Verona,0.3,0.0,580,10,ARG
378,David Okereke,Torino,0.3,0.0,249,9,NGA
378,Filippo Missori,Sassuolo,0.3,0.0,262,8,ITA
378,Filippo Terracciano,Verona,0.3,0.0,1368,21,ITA
378,Flavius Daniliuc,Salernitana,0.3,0.0,742,14,AUT
378,Giuseppe Caso,Frosinone,0.3,0.0,409,14,ITA
378,Hans Hateboer,Atalanta,0.3,0.0,1104,23,NED
378,Joao Ferreira,Udinese,0.3,0.0,1812,35,POR
378,Matias Vina,Sassuolo,0.3,0.0,1019,15,URU
378,Samuel Castillejo,Sassuolo,0.3,0.0,528,17,ESP
378,Victor Kristiansen,Bologna,0.3,0.0,2312,32,DEN
389,Lorenzo De Silvestri,Bologna,0.2,2.0,672,15,ITA
390,Luca Pellegrini,Lazio,0.2,1.0,781,19,ITA
390,Mitchel Bakker,Atalanta,0.2,1.0,372,14,NED
390,Niccolo Pierozzi,Salernitana,0.2,1.0,873,12,ITA
390,Tajon Buchanan,Internazionale,0.2,1.0,151,10,CAN
390,Zanos Savva,Torino,0.2,1.0,26,2,CYP
395,Aaron Caricol,Genoa,0.2,0.0,1380,22,ESP
395,Alessandro Zanoli,Salernitana,0.2,0.0,969,21,ITA
395,Angelino,Roma,0.2,0.0,1148,16,ESP
395,Anthony Oyono,Frosinone,0.2,0.0,1197,16,GAB
395,Berkan Kutlu,Genoa,0.2,0.0,192,6,TUR
395,David Ankeye,Genoa,0.2,0.0,52,6,NGA
395,Djed Spence,Genoa,0.2,0.0,853,16,ENG
395,Filippo Ranocchia,Empoli,0.2,0.0,477,9,ITA
395,Giuseppe Pezzella,Empoli,0.2,0.0,1088,19,ITA
395,Jordi Mboula,Verona,0.2,0.0,304,11,ESP
395,Jose Machin,Monza,0.2,0.0,232,10,EQG
395,Juan Cuadrado,Internazionale,0.2,0.0,258,10,COL
395,Mateusz Legowski,Salernitana,0.2,0.0,1132,29,POL
395,Mattia Caldara,Milan,0.2,0.0,32,1,ITA
395,Maxime Lopez,Fiorentina,0.2,0.0,936,21,FRA
395,Medon Berisha,Lecce,0.2,0.0,204,6,ALB
395,Mehmet Zeki Celik,Roma,0.2,0.0,665,17,TUR
395,Norbert Gyömbér,Salernitana,0.2,0.0,1762,22,SVK
395,Pedro Pereira,Monza,0.2,0.0,833,23,POR
395,Saba Sazonov,Torino,0.2,0.0,348,12,GEO
395,Sebastian Walukiewicz,Empoli,0.2,0.0,2054,27,POL
395,Tommaso Pobega,Milan,0.2,0.0,314,11,ITA
417,Chaka Traorè,Milan,0.1,1.0,18,2,CIV
417,Davide Biraschi,Genoa,0.1,1.0,90,1,ITA
417,Federico Di Francesco,Lecce,0.1,1.0,14,2,ITA
417,Kingstone Mutandwa,Cagliari,0.1,1.0,34,5,ZAM
417,Renato Sanches,Roma,0.1,1.0,142,7,POR
422,Adam Obert,Cagliari,0.1,0.0,940,17,SVK
422,Alan Matturro,Genoa,0.1,0.0,103,6,URU
422,Alessandro Di Pardo,Cagliari,0.1,0.0,352,15,ITA
422,Bartosz Bereszynski,Empoli,0.1,0.0,1766,24,POL
422,Beto,Udinese,0.1,0.0,74,1,POR
422,Daniel Silva,Verona,0.1,0.0,440,14,POR
422,Davy Klaassen,Internazionale,0.1,0.0,196,13,NED
422,Dodo,Fiorentina,0.1,0.0,523,9,BRA
422,Elayis Tavsan,Verona,0.1,0.0,47,3,NED
422,Emil Bohinen,Salernitana,0.1,0.0,589,17,NOR
422,Emil Konradsen Ceide,Sassuolo,0.1,0.0,165,11,NOR
422,Erik Botheim,Salernitana,0.1,0.0,316,7,NOR
422,Fares Ghedjemis,Frosinone,0.1,0.0,180,6,FRA
422,Giovanni Bonfanti,Atalanta,0.1,0.0,89,2,ITA
422,Hans Nicolussi Caviglia,Juventus,0.1,0.0,266,8,ITA
422,Jackson Tchatchoua,Verona,0.1,0.0,1725,26,CMR
422,Kevin Strootman,Genoa,0.1,0.0,1209,27,NED
422,Koffi Djidji,Torino,0.1,0.0,760,13,CIV
422,Konstantinos Manolas,Salernitana,0.1,0.0,492,8,GRE
422,Lorenzo Venuti,Lecce,0.1,0.0,357,14,ITA
422,Luca Lipani,Sassuolo,0.1,0.0,387,8,ITA
422,Luka Romero,Milan,0.1,0.0,86,4,ARG
422,Marco Pellegrino,Salernitana,0.1,0.0,611,11,ARG
422,Marcus Holmgren Pedersen,Sassuolo,0.1,0.0,1605,28,NOR
422,Mario Rui,Napoli,0.1,0.0,1205,21,POR
422,Martin Hongla,Verona,0.1,0.0,1085,15,CMR
422,Mateus Lusuardi,Frosinone,0.1,0.0,220,4,BRA
422,Matteo Lovato,Torino,0.1,0.0,1490,26,ITA
422,Mehdi Bourabia,Frosinone,0.1,0.0,197,10,MAR
422,Michel Ndary Adopo,Atalanta,0.1,0.0,101,10,FRA
422,Nicolas Haas,Empoli,0.1,0.0,90,1,SUI
422,Pierre Kalulu,Milan,0.1,0.0,370,9,FRA
422,Rade Krunic,Milan,0.1,0.0,686,10,BIH
422,Rafael Toloi,Atalanta,0.1,0.0,962,18,ITA
422,Riccardo Pagano,Roma,0.1,0.0,48,4,ITA
422,Riccardo Saponara,Verona,0.1,0.0,336,12,ITA
422,Ridgeciano Haps,Genoa,0.1,0.0,770,16,SUR
422,Seydou Fini,Genoa,0.1,0.0,33,3,CIV
422,Stefano Sensi,Internazionale,0.1,0.0,43,4,ITA
422,Tommaso Corazza,Bologna,0.1,0.0,188,9,ITA
422,Trivante Stewart,Salernitana,0.1,0.0,96,4,JAM
422,Yann Karamoh,Torino,0.1,0.0,153,10,FRA
464,Ahmed Touba,Lecce,0.0,0.0,275,6,ALG
464,Axel Guessand,Udinese,0.0,0.0,45,1,FRA
464,Brandon Soppy,Torino,0.0,0.0,177,5,FRA
464,Chris Smalling,Roma,0.0,0.0,389,8,ENG
464,Diego Demme,Napoli,0.0,0.0,73,2,GER
464,Dylan Bronn,Salernitana,0.0,0.0,50,4,TUN
464,Emanuel Vignato,Salernitana,0.0,0.0,308,9,ITA
464,Fabien Centonze,Verona,0.0,0.0,674,10,FRA
464,Gino Infantino,Fiorentina,0.0,0.0,91,6,ARG
464,Giulio Donati,Monza,0.0,0.0,32,4,ITA
464,Juan Manuel Cruz,Verona,0.0,0.0,107,4,ARG
464,Leander Dendoncker,Napoli,0.0,0.0,21,3,BEL
464,Lorenzo Amatucci,Fiorentina,0.0,0.0,21,2,ITA
464,Marcin Listkowski,Lecce,0.0,0.0,7,1,POL
464,Pablo Galdames,Genoa,0.0,0.0,9,2,CHI
464,Pedro Obiang,Sassuolo,0.0,0.0,453,8,EQG
464,Pierluigi Gollini,Napoli,0.0,0.0,630,7,ITA
464,Reda Belahyane,Verona,0.0,0.0,90,2,FRA
464,Ruben Vinagre,Verona,0.0,0.0,277,12,POR
464,Triantafyllos Pasalidis,Salernitana,0.0,0.0,451,8,GRE
